Image,target
508.jpg,kathakali
246.jpg,sattriya
473.jpg,sattriya
485.jpg,odissi
128.jpg,kathak
410.jpg,kuchipudi
465.jpg,kuchipudi
196.jpg,kathak
340.jpg,kathakali
467.jpg,kathak
306.jpg,mohiniyattam
171.jpg,bharatanatyam
323.jpg,sattriya
332.jpg,sattriya
330.jpg,sattriya
170.jpg,bharatanatyam
479.jpg,odissi
9.jpg,bharatanatyam
283.jpg,mohiniyattam
114.jpg,odissi
507.jpg,kuchipudi
183.jpg,kathakali
200.jpg,kathakali
457.jpg,mohiniyattam
264.jpg,kathak
194.jpg,kathakali
518.jpg,kathak
175.jpg,bharatanatyam
64.jpg,odissi
152.jpg,bharatanatyam
270.jpg,manipuri
125.jpg,odissi
38.jpg,manipuri
440.jpg,kathak
302.jpg,mohiniyattam
394.jpg,odissi
448.jpg,odissi
463.jpg,odissi
20.jpg,manipuri
301.jpg,kathakali
28.jpg,kathak
61.jpg,kathak
398.jpg,sattriya
349.jpg,mohiniyattam
271.jpg,sattriya
286.jpg,mohiniyattam
431.jpg,kathak
316.jpg,sattriya
224.jpg,manipuri
411.jpg,kuchipudi
278.jpg,mohiniyattam
456.jpg,mohiniyattam
45.jpg,kathak
324.jpg,kathakali
6.jpg,kathak
59.jpg,kathak
86.jpg,bharatanatyam
470.jpg,odissi
374.jpg,kathak
132.jpg,sattriya
216.jpg,kathak
95.jpg,manipuri
17.jpg,kathak
162.jpg,kathakali
346.jpg,kuchipudi
439.jpg,kuchipudi
232.jpg,kathakali
150.jpg,kuchipudi
401.jpg,kathak
145.jpg,bharatanatyam
23.jpg,kathak
514.jpg,kathak
193.jpg,kathak
416.jpg,sattriya
447.jpg,kathak
220.jpg,kathakali
505.jpg,kathak
147.jpg,odissi
210.jpg,kathakali
40.jpg,kuchipudi
284.jpg,mohiniyattam
55.jpg,kathak
378.jpg,sattriya
520.jpg,sattriya
484.jpg,kuchipudi
112.jpg,manipuri
360.jpg,sattriya
317.jpg,kathakali
71.jpg,bharatanatyam
202.jpg,odissi
92.jpg,manipuri
11.jpg,kuchipudi
67.jpg,manipuri
138.jpg,sattriya
506.jpg,mohiniyattam
146.jpg,kathak
318.jpg,kathak
198.jpg,mohiniyattam
375.jpg,kathakali
41.jpg,bharatanatyam
421.jpg,manipuri
129.jpg,sattriya
14.jpg,kathak
460.jpg,odissi
34.jpg,bharatanatyam
380.jpg,kathakali
238.jpg,kathakali
392.jpg,kathak
80.jpg,manipuri
517.jpg,kathak
13.jpg,sattriya
189.jpg,kathakali
390.jpg,kathak
487.jpg,odissi
438.jpg,kuchipudi
482.jpg,odissi
206.jpg,kathakali
217.jpg,kathakali
285.jpg,mohiniyattam
385.jpg,kathakali
495.jpg,odissi
269.jpg,kathakali
429.jpg,kuchipudi
291.jpg,mohiniyattam
461.jpg,manipuri
256.jpg,kathak
48.jpg,kathak
290.jpg,sattriya
437.jpg,sattriya
498.jpg,kathak
173.jpg,bharatanatyam
280.jpg,manipuri
119.jpg,bharatanatyam
363.jpg,sattriya
97.jpg,odissi
414.jpg,kathakali
386.jpg,kathak
424.jpg,kathak
157.jpg,odissi
33.jpg,kathak
354.jpg,sattriya
57.jpg,kathak
108.jpg,kathak
239.jpg,manipuri
441.jpg,kathak
215.jpg,mohiniyattam
373.jpg,kathak
292.jpg,sattriya
110.jpg,manipuri
510.jpg,sattriya
275.jpg,sattriya
366.jpg,sattriya
226.jpg,sattriya
35.jpg,kathak
458.jpg,kathakali
358.jpg,sattriya
